imdb_id,titulo_original,ano,servico,ultimo_dia,fonte,continua_em
tt7464188,In Fabric,2018,HBO Max,2026-10-01,JustWatch,
tt32221196,One of Them Days,2025,HBO Max,2026-10-01,JustWatch,
tt0811080,Speed Racer,2008,HBO Max,2026-10-01,JustWatch,Netflix
tt11261296,Blutsauger,2022,MUBI,2026-10-01,MUBI dataset (kubi2021),
tt10329614,Censor,2021,MUBI,2026-10-01,MUBI dataset (kubi2021),Prime Video
tt1872818,Liberal Arts,2012,MUBI,2026-10-01,MUBI dataset (kubi2021),Prime Video
tt0100157,Misery,1990,MUBI,2026-10-01,MUBI dataset (kubi2021),
tt0114436,Showgirls,1995,MUBI,2026-10-01,MUBI dataset (kubi2021),
tt1045658,Silver Linings Playbook,2012,MUBI,2026-10-01,MUBI dataset (kubi2021),Prime Video
tt2321549,The Babadook,2014,MUBI,2026-10-01,MUBI dataset (kubi2021),
tt0068833,The Last House on the Left,1972,MUBI,2026-10-01,MUBI dataset (kubi2021),Prime Video
tt0072271,The Texas Chain Saw Massacre,1974,MUBI,2026-10-01,MUBI dataset (kubi2021),
tt13560574,X,2022,MUBI,2026-10-01,MUBI dataset (kubi2021),
tt0389557,Zwartboek,2006,MUBI,2026-10-01,MUBI dataset (kubi2021),Prime Video
tt28490044,悪は存在しない,2023,MUBI,2026-10-01,MUBI dataset (kubi2021),
tt4126340,Joe Dirt 2: Beautiful Loser,2015,Netflix,2026-10-01,RendaGeek,
tt7605074,流浪地球,2019,Netflix,2026-10-01,RendaGeek,
tt5040012,Nosferatu,2024,Prime Video,2026-10-01,JustWatch,
tt28259207,Kill,2024,Telecine,2026-10-01,JustWatch,
tt20205236,خرس نیست,2022,Telecine,2026-10-01,JustWatch,
tt2331143,そして父になる,2013,Telecine,2026-10-01,JustWatch,
tt15534640,The Most Magical Story on Earth: 50 Years of Walt Disney World,2021,Disney+,2026-10-02,JustWatch,
tt2823574,Extraction,2013,Netflix,2026-10-02,RendaGeek,
tt0117381,Primal Fear,1996,Netflix,2026-10-02,RendaGeek,
tt1488555,The Change-Up,2011,Netflix,2026-10-02,RendaGeek,Prime Video|Telecine
tt0144214,The General's Daughter,1999,Netflix,2026-10-02,RendaGeek,
tt0486051,Wind Chill,2007,Netflix,2026-10-02,RendaGeek,
tt13575838,盛夏未来,2021,Netflix,2026-10-02,RendaGeek,
tt0167190,Hellboy,2004,Prime Video,2026-10-02,JustWatch,HBO Max
tt2043865,Cásese quien pueda,2014,Netflix,2026-10-03,RendaGeek,
tt7510222,Despicable Me 4,2024,Netflix,2026-10-03,RendaGeek,
tt0173840,Final Fantasy: The Spirits Within,2001,Netflix,2026-10-03,RendaGeek,
tt14539740,Godzilla x Kong: The New Empire,2024,Netflix,2026-10-03,RendaGeek,HBO Max
tt2378281,No se aceptan devoluciones,2013,Netflix,2026-10-03,RendaGeek,
tt13445916,Sanitation Day,2020,Netflix,2026-10-03,RendaGeek,
tt3580748,Tyson's Run,2022,Netflix,2026-10-03,RendaGeek,
tt2402751,¿Qué le dijiste a Dios?,2014,Netflix,2026-10-03,RendaGeek,
tt1334026,O Menino da Porteira,2009,Prime Video,2026-10-03,JustWatch,
tt15268100,Luccas Neto em: O Mapa do Tesouro,2020,Netflix,2026-10-04,RendaGeek,
tt0108238,Striking Distance,1993,Netflix,2026-10-04,RendaGeek,HBO Max
tt15131266,As Good as Dead,2022,Telecine,2026-10-04,JustWatch,
tt0457400,Land of the Lost,2009,Netflix,2026-10-05,RendaGeek,
tt0408196,Sniper 3,2004,Netflix,2026-10-05,RendaGeek,
tt21905744,The Front Room,2024,Prime Video,2026-10-05,JustWatch,
tt27218960,Y2K,2024,Prime Video,2026-10-05,JustWatch,
tt0112384,Apollo 13,1995,Netflix,2026-10-06,RendaGeek,
tt14668630,"Lyle, Lyle, Crocodile",2022,Netflix,2026-10-06,RendaGeek,
tt12263440,"No andaba muerto, estaba de parranda",2020,Prime Video,2026-10-06,JustWatch,
tt0337692,On the Road,2012,MUBI,2026-10-07,JustWatch=2026-10-07; MUBI dataset (kubi2021)=2026-10-09,
tt13532214,La Vocera,2021,Netflix,2026-10-07,RendaGeek,
tt15576986,LOL Surprise: The Movie,2021,Netflix,2026-10-07,RendaGeek,
tt0457090,The Marksman,2005,Netflix,2026-10-07,RendaGeek,
tt0190332,卧虎藏龍,2000,Netflix,2026-10-07,RendaGeek,
tt4596248,Corazón de León,2015,Prime Video,2026-10-07,JustWatch,
tt6535880,Haunt,2019,HBO Max,2026-10-08,JustWatch,
tt0112697,Clueless,1995,Netflix,2026-10-08,RendaGeek,Paramount+
tt1403981,Remember Me,2010,Netflix,2026-10-08,RendaGeek,
tt1659337,The Perks of Being a Wallflower,2012,Netflix,2026-10-08,RendaGeek,
tt0800320,Clash of the Titans,2010,Netflix,2026-10-09,RendaGeek,Prime Video
tt1205489,Gran Torino,2008,Netflix,2026-10-09,RendaGeek,Prime Video
tt0120696,Hard Rain,1998,Netflix,2026-10-09,RendaGeek,
tt23026954,Monster High 2,2023,Netflix,2026-10-09,RendaGeek,Prime Video|Paramount+
tt0363282,New York Minute,2004,Netflix,2026-10-09,RendaGeek,
tt0114069,Outbreak,1995,Netflix,2026-10-09,RendaGeek,
tt0358135,Shall We Dance?,2004,Netflix,2026-10-09,RendaGeek,
tt0822854,Shooter,2007,Netflix,2026-10-09,RendaGeek,
tt2083383,Trouble with the Curve,2012,Netflix,2026-10-09,RendaGeek,
tt0188640,ゴジラ2000 ミレニアム,1999,Netflix,2026-10-09,RendaGeek,
tt0088846,Brazil,1985,Prime Video,2026-10-09,JustWatch,
tt0109450,Cobb,1994,Prime Video,2026-10-09,JustWatch,
tt0432283,Fantastic Mr. Fox,2009,Prime Video,2026-10-09,JustWatch,
tt0137523,Fight Club,1999,Prime Video,2026-10-09,JustWatch,Netflix|Paramount+|Telecine
tt0101984,Guilty by Suspicion,1991,Prime Video,2026-10-09,JustWatch,
tt0102138,JFK,1991,Prime Video,2026-10-09,JustWatch,
tt0412922,Little Manhattan,2005,Prime Video,2026-10-09,JustWatch,
tt0107478,Made in America,1993,Prime Video,2026-10-09,JustWatch,
tt2234155,The Internship,2013,Prime Video,2026-10-09,JustWatch,Paramount+|Telecine
tt6384386,फन्ने खां,2018,Prime Video,2026-10-10,JustWatch,
tt0338450,Sniper 2,2002,Netflix,2026-10-11,RendaGeek,
tt0373926,The Interpreter,2005,Netflix,2026-10-11,RendaGeek,
tt0089695,"No Retreat, No Surrender",1986,Prime Video,2026-10-11,JustWatch,
tt13457790,The Critic,2024,Prime Video,2026-10-12,JustWatch,
tt19623240,Winnie the Pooh: Blood and Honey,2023,Prime Video,2026-10-12,JustWatch,
tt15791034,Barbarian,2022,HBO Max,2026-10-13,JustWatch,Paramount+|Telecine|Universal+
tt21307994,Skinamarink,2023,MUBI,2026-10-13,JustWatch=2026-10-13; MUBI dataset (kubi2021)=2026-10-15,
tt0490204,Reign Over Me,2007,Netflix,2026-10-13,RendaGeek,
tt0322259,2 Fast 2 Furious,2003,Disney+,2026-10-14,JustWatch,Netflix|Prime Video|Telecine|Universal+
tt6324278,Abominable,2019,Disney+,2026-10-14,JustWatch,Prime Video|Telecine
tt0112431,Babe,1995,Disney+,2026-10-14,JustWatch,Netflix|Telecine
tt0120595,Babe: Pig in the City,1998,Disney+,2026-10-14,JustWatch,Telecine
tt0871426,Baby Mama,2008,Disney+,2026-10-14,JustWatch,
tt0088763,Back to the Future,1985,Disney+,2026-10-14,JustWatch,Telecine|Universal+
tt0096874,Back to the Future Part II,1989,Disney+,2026-10-14,JustWatch,Telecine|Universal+
tt0099088,Back to the Future Part III,1990,Disney+,2026-10-14,JustWatch,Telecine|Universal+
tt0389790,Bee Movie,2007,Disney+,2026-10-14,JustWatch,Netflix|Prime Video|Telecine
tt0265298,Big Fat Liar,2002,Disney+,2026-10-14,JustWatch,
tt3824648,Big Time Adolescence,2020,Disney+,2026-10-14,JustWatch,
tt1478338,Bridesmaids,2011,Disney+,2026-10-14,JustWatch,
tt0381971,Curious George,2006,Disney+,2026-10-14,JustWatch,
tt1350484,Curious George 2: Follow That Monkey!,2009,Disney+,2026-10-14,JustWatch,
tt4622340,Curious George 3: Back to the Jungle,2015,Disney+,2026-10-14,JustWatch,
tt15437042,Curious George: Cape Ahoy,2021,Disney+,2026-10-14,JustWatch,
tt13071908,"Curious George: Go West, Go Wild",2020,Disney+,2026-10-14,JustWatch,
tt10510166,Curious George: Royal Monkey,2019,Disney+,2026-10-14,JustWatch,
tt6673612,Dolittle,2020,Disney+,2026-10-14,JustWatch,Prime Video|Telecine|Universal+
tt0116136,DragonHeart,1996,Disney+,2026-10-14,JustWatch,
tt0083866,E.T. the Extra-Terrestrial,1982,Disney+,2026-10-14,JustWatch,Telecine
tt0413099,Evan Almighty,2007,Disney+,2026-10-14,JustWatch,Telecine
tt5433138,F9,2021,Disney+,2026-10-14,JustWatch,Prime Video|Telecine|Universal+
tt1905041,Fast & Furious 6,2013,Disney+,2026-10-14,JustWatch,Netflix|Prime Video|Telecine|Universal+
tt6806448,Fast & Furious Presents: Hobbs & Shaw,2019,Disney+,2026-10-14,JustWatch,Netflix|Prime Video|HBO Max|Telecine|Universal+
tt1596343,Fast Five,2011,Disney+,2026-10-14,JustWatch,Netflix|Prime Video|Telecine|Universal+
tt0800039,Forgetting Sarah Marshall,2008,Disney+,2026-10-14,JustWatch,
tt10344522,Four Good Days,2021,Disney+,2026-10-14,JustWatch,
tt2820852,Furious 7,2015,Disney+,2026-10-14,JustWatch,Netflix|Prime Video|HBO Max|Telecine|Universal+
tt3564472,Girls Trip,2017,Disney+,2026-10-14,JustWatch,Telecine
tt1411704,Hop,2011,Disney+,2026-10-14,JustWatch,Prime Video
tt0286716,Hulk,2003,Disney+,2026-10-14,JustWatch,
tt0107290,Jurassic Park,1993,Disney+,2026-10-14,JustWatch,Netflix|Prime Video|HBO Max|Telecine
tt0163025,Jurassic Park III,2001,Disney+,2026-10-14,JustWatch,Netflix|Prime Video|Telecine
tt0369610,Jurassic World,2015,Disney+,2026-10-14,JustWatch,Netflix|Prime Video|HBO Max|Telecine
tt4881806,Jurassic World: Fallen Kingdom,2018,Disney+,2026-10-14,JustWatch,Netflix|Prime Video|HBO Max|Telecine
tt0441773,Kung Fu Panda,2008,Disney+,2026-10-14,JustWatch,Telecine
tt1302011,Kung Fu Panda 2,2011,Disney+,2026-10-14,JustWatch,Prime Video|Telecine
tt0351283,Madagascar,2005,Disney+,2026-10-14,JustWatch,Prime Video|Telecine|Universal+
tt0479952,Madagascar: Escape 2 Africa,2008,Disney+,2026-10-14,JustWatch,Prime Video|Telecine|Universal+
tt0134847,Pitch Black,2000,Disney+,2026-10-14,JustWatch,
tt0448694,Puss in Boots,2011,Disney+,2026-10-14,JustWatch,Netflix|Telecine
tt1053424,Repo Men,2010,Disney+,2026-10-14,JustWatch,
tt0307453,Shark Tale,2004,Disney+,2026-10-14,JustWatch,
tt0126029,Shrek,2001,Disney+,2026-10-14,JustWatch,Netflix|Prime Video|Telecine|Universal+
tt0298148,Shrek 2,2004,Disney+,2026-10-14,JustWatch,Netflix|Prime Video|Telecine|Universal+
tt0892791,Shrek Forever After,2010,Disney+,2026-10-14,JustWatch,Netflix|Prime Video|Telecine|Universal+
tt0413267,Shrek the Third,2007,Disney+,2026-10-14,JustWatch,Netflix|Prime Video|Telecine|Universal+
tt3470600,Sing,2016,Disney+,2026-10-14,JustWatch,Prime Video|Telecine|Universal+
tt6467266,Sing 2,2021,Disney+,2026-10-14,JustWatch,Prime Video|Telecine|Universal+
tt7339248,The Art of Self-Defense,2019,Disney+,2026-10-14,JustWatch,
tt3874544,The Boss Baby,2017,Disney+,2026-10-14,JustWatch,Prime Video|Telecine
tt6932874,The Boss Baby: Family Business,2021,Disney+,2026-10-14,JustWatch,Prime Video|Telecine
tt1488555,The Change-Up,2011,Disney+,2026-10-14,JustWatch,Prime Video|Telecine
tt0481499,The Croods,2013,Disney+,2026-10-14,JustWatch,Prime Video|Telecine|Universal+
tt2850386,The Croods: A New Age,2020,Disney+,2026-10-14,JustWatch,Prime Video|Telecine|Universal+
tt8695030,The Dead Don't Die,2019,Disney+,2026-10-14,JustWatch,
tt0232500,The Fast and the Furious,2001,Disney+,2026-10-14,JustWatch,Netflix|Prime Video|Telecine|Universal+
tt4630562,The Fate of the Furious,2017,Disney+,2026-10-14,JustWatch,Netflix|Prime Video|HBO Max|Telecine|Universal+
tt1482459,The Lorax,2012,Disney+,2026-10-14,JustWatch,Prime Video|Telecine
tt0119567,The Lost World: Jurassic Park,1997,Disney+,2026-10-14,JustWatch,Netflix|Prime Video|Telecine
tt0120616,The Mummy,1999,Disney+,2026-10-14,JustWatch,Netflix|Prime Video|Telecine|Universal+
tt2345759,The Mummy,2017,Disney+,2026-10-14,JustWatch,Netflix|Prime Video|Telecine|Universal+
tt0209163,The Mummy Returns,2001,Disney+,2026-10-14,JustWatch,Netflix|Prime Video|Telecine|Universal+
tt0859163,The Mummy: Tomb of the Dragon Emperor,2008,Disney+,2026-10-14,JustWatch,Netflix|Prime Video|Telecine|Universal+
tt0120794,The Prince of Egypt,1998,Disney+,2026-10-14,JustWatch,Telecine
tt0138749,The Road to El Dorado,2000,Disney+,2026-10-14,JustWatch,Telecine
tt2709768,The Secret Life of Pets,2016,Disney+,2026-10-14,JustWatch,Prime Video|Telecine
tt5113040,The Secret Life of Pets 2,2019,Disney+,2026-10-14,JustWatch,Prime Video|Telecine|Universal+
tt1679335,Trolls,2016,Disney+,2026-10-14,JustWatch,Netflix|Prime Video|Telecine|Universal+
tt22698070,Mortal Kombat Legends: Cage Match,2023,HBO Max,2026-10-14,JustWatch,
tt33335530,"Rachel Bloom: Death, Let Me Do My Special",2024,Netflix,2026-10-14,RendaGeek,
tt0087538,The Karate Kid,1984,Netflix,2026-10-14,RendaGeek,
tt26612950,Das Lehrerzimmer,2023,Prime Video,2026-10-14,JustWatch,
tt13392012,Demonic,2021,Prime Video,2026-10-14,JustWatch,
tt6320628,Spider-Man: Far from Home,2019,Prime Video,2026-10-14,JustWatch,Netflix|Universal+
tt2140479,The Accountant,2016,Prime Video,2026-10-14,JustWatch,HBO Max
tt38117087,Victoria's Secret Fashion Show,2025,Prime Video,2026-10-14,JustWatch,
tt8858494,Болевой порог,2019,Prime Video,2026-10-14,JustWatch,
tt9875852,Домовой,2019,Prime Video,2026-10-14,JustWatch,
tt9415552,Несокрушимый,2018,Prime Video,2026-10-14,JustWatch,
tt4299406,A Noite da Virada,2014,Telecine,2026-10-14,JustWatch,
tt0299658,Chicago,2002,Netflix,2026-10-15,RendaGeek,
tt0120094,Selena,1997,Netflix,2026-10-15,RendaGeek,
tt4216984,Wolf Man,2025,Prime Video,2026-10-15,JustWatch,
tt6513656,Escape Plan 2: Hades,2018,Netflix,2026-10-16,RendaGeek,
tt3554046,Space Jam: A New Legacy,2021,Netflix,2026-10-16,RendaGeek,HBO Max
tt0244244,Swordfish,2001,Netflix,2026-10-16,RendaGeek,
tt0421715,The Curious Case of Benjamin Button,2008,Netflix,2026-10-16,RendaGeek,HBO Max
tt0356680,The Family Stone,2005,Netflix,2026-10-16,RendaGeek,Disney+
tt0110366,The Little Rascals,1994,Netflix,2026-10-16,RendaGeek,Telecine
tt0119978,The Rainmaker,1997,Netflix,2026-10-16,RendaGeek,
tt11111232,Valentina,2020,Netflix,2026-10-16,RendaGeek,
tt5813366,机器之血,2017,Netflix,2026-10-16,RendaGeek,
tt0985699,Valkyrie,2008,Universal+,2026-10-16,JustWatch,
tt2235108,Dear White People,2014,Disney+,2026-10-17,JustWatch,
tt0765429,American Gangster,2007,Netflix,2026-10-17,RendaGeek,Prime Video
tt0260866,Don't Say a Word,2001,Netflix,2026-10-17,RendaGeek,
tt32020404,The Commandant's Shadow,2024,Netflix,2026-10-17,RendaGeek,HBO Max
tt26008162,نبيل الجميل اخصائي تجميل,2022,Netflix,2026-10-17,RendaGeek,
tt2557490,A Million Ways to Die in the West,2014,Netflix,2026-10-18,RendaGeek,
tt13377488,W jak morderstwo,2021,Netflix,2026-10-18,RendaGeek,
tt2275743,"Berlin, I Love You",2019,Prime Video,2026-10-18,JustWatch,
tt31727191,Preparation for the Next Life,2025,Prime Video,2026-10-18,JustWatch,
tt0315850,El bonaerense,2002,Netflix,2026-10-19,RendaGeek,
tt0359254,Familia rodante,2004,Netflix,2026-10-19,RendaGeek,
tt6791096,I Feel Pretty,2018,Netflix,2026-10-19,RendaGeek,
tt0892318,Letters to Juliet,2010,Netflix,2026-10-19,RendaGeek,Telecine
tt0468816,Nacido y criado,2006,Netflix,2026-10-19,RendaGeek,
tt0431308,P.S. I Love You,2007,Netflix,2026-10-19,RendaGeek,Telecine|Universal+
tt0462590,Step Up,2006,Netflix,2026-10-19,RendaGeek,Telecine
tt1588173,Warm Bodies,2013,Netflix,2026-10-19,RendaGeek,Universal+
tt19815280,貞子DX,2022,Netflix,2026-10-19,RendaGeek,Prime Video
tt13605284,A Mistake,2023,Prime Video,2026-10-19,JustWatch,
tt28216213,Big Love,2023,Prime Video,2026-10-19,JustWatch,
tt4179040,De Reünie,2015,Prime Video,2026-10-19,JustWatch,
tt0478311,Knocked Up,2007,Netflix,2026-10-20,RendaGeek,
tt0070735,The Sting,1973,Netflix,2026-10-20,RendaGeek,
tt23778968,Thelma,2024,Netflix,2026-10-20,RendaGeek,
tt9288692,Werewolves Within,2021,Prime Video,2026-10-21,JustWatch,
tt14022920,Derrapada,2022,Telecine,2026-10-21,JustWatch,
tt30955489,Until Dawn,2025,HBO Max,2026-10-22,JustWatch,
tt28607951,Anora,2024,Prime Video,2026-10-22,JustWatch,
tt14763720,Capitu e o Capítulo,2023,Telecine,2026-10-23,JustWatch,
tt15520020,Four Hours at the Capitol,2021,HBO Max,2026-10-25,JustWatch,
tt20672490,American Carnage,2022,Prime Video,2026-10-26,JustWatch,
tt16167164,Família Craft e o Código da 20,2021,Disney+,2026-10-28,JustWatch,
tt0316654,Spider-Man 2,2004,Prime Video,2026-10-28,JustWatch,HBO Max
tt4633694,Spider-Man: Into the Spider-Verse,2018,Prime Video,2026-10-28,JustWatch,
tt9694312,Stardust,2020,Telecine,2026-10-28,JustWatch,
tt10168670,Bones and All,2022,MUBI,2026-10-30,JustWatch=2026-10-30; MUBI dataset (kubi2021)=2026-11-01,
tt0069897,Coffy,1973,MUBI,2026-10-30,JustWatch=2026-10-30; MUBI dataset (kubi2021)=2026-11-01,
tt0106677,Dazed and Confused,1993,MUBI,2026-10-30,JustWatch=2026-10-30; MUBI dataset (kubi2021)=2026-11-01,
tt0097216,Do the Right Thing,1989,MUBI,2026-10-30,JustWatch=2026-10-30; MUBI dataset (kubi2021)=2026-11-01,
tt0071517,Foxy Brown,1974,MUBI,2026-10-30,JustWatch=2026-10-30; MUBI dataset (kubi2021)=2026-11-01,
tt0113243,Hackers,1995,MUBI,2026-10-30,JustWatch=2026-10-30; MUBI dataset (kubi2021)=2026-11-01,
tt0347131,Los guantes mágicos,2003,MUBI,2026-10-30,JustWatch=2026-10-30; MUBI dataset (kubi2021)=2029-11-01,
tt0107922,Rapado,1992,MUBI,2026-10-30,JustWatch=2026-10-30; MUBI dataset (kubi2021)=2029-11-01,
tt0194378,Silvia Prieto,1999,MUBI,2026-10-30,JustWatch=2026-10-30; MUBI dataset (kubi2021)=2029-11-01,
tt0086567,WarGames,1983,MUBI,2026-10-30,JustWatch=2026-10-30; MUBI dataset (kubi2021)=2026-11-01,
tt0092238,Working Girls,1987,MUBI,2026-10-30,JustWatch=2026-10-30; MUBI dataset (kubi2021)=2026-11-01,
tt0105265,A River Runs Through It,1992,Prime Video,2026-10-30,JustWatch,
tt0114436,Showgirls,1995,Prime Video,2026-10-30,JustWatch,
tt0185125,Todo sobre mi madre,1999,Prime Video,2026-10-30,JustWatch,MUBI|Telecine
tt7403614,Большое путешествие,2019,Prime Video,2026-10-30,JustWatch,
tt1224378,Вий,2014,Prime Video,2026-10-30,JustWatch,
tt1656190,Safe,2012,Telecine,2026-10-30,JustWatch,
tt0167260,The Lord of the Rings: The Return of the King,2003,Disney+,2026-10-31,JustWatch,HBO Max
tt0167261,The Lord of the Rings: The Two Towers,2002,Disney+,2026-10-31,JustWatch,HBO Max
tt8537984,Amor en polvo,2020,HBO Max,2026-10-31,JustWatch,
tt0119822,As Good as It Gets,1997,HBO Max,2026-10-31,JustWatch,
tt3890160,Baby Driver,2017,HBO Max,2026-10-31,JustWatch,
tt6046314,Bel Canto,2018,HBO Max,2026-10-31,JustWatch,
tt1355683,Black Mass,2015,HBO Max,2026-10-31,JustWatch,
tt0029947,Bringing Up Baby,1938,HBO Max,2026-10-31,JustWatch,
tt0085333,Christine,1983,HBO Max,2026-10-31,JustWatch,
tt3322364,Concussion,2015,HBO Max,2026-10-31,JustWatch,Netflix
tt0089175,Fright Night,1985,HBO Max,2026-10-31,JustWatch,
tt0079271,Hardcore,1979,HBO Max,2026-10-31,JustWatch,
tt0386588,Hitch,2005,HBO Max,2026-10-31,JustWatch,
tt0199626,In the Cut,2003,HBO Max,2026-10-31,JustWatch,
tt9784798,Judas and the Black Messiah,2021,HBO Max,2026-10-31,JustWatch,
tt3471098,Maggie's Plan,2016,HBO Max,2026-10-31,JustWatch,
tt0070379,Mean Streets,1973,HBO Max,2026-10-31,JustWatch,
tt2396589,Mudbound,2017,HBO Max,2026-10-31,JustWatch,
tt0758766,Music and Lyrics,2007,HBO Max,2026-10-31,JustWatch,
tt0481141,No Reservations,2007,HBO Max,2026-10-31,JustWatch,Netflix
tt0479968,One Missed Call,2008,HBO Max,2026-10-31,JustWatch,
tt3332064,Pan,2015,HBO Max,2026-10-31,JustWatch,
tt30835991,Plastic People,2024,HBO Max,2026-10-31,JustWatch,
tt0053220,Ride Lonesome,1959,HBO Max,2026-10-31,JustWatch,
tt0053221,Rio Bravo,1959,HBO Max,2026-10-31,JustWatch,
tt3231054,Risen,2016,HBO Max,2026-10-31,JustWatch,
tt1336608,Rock of Ages,2012,HBO Max,2026-10-31,JustWatch,
tt0814314,Seven Pounds,2008,HBO Max,2026-10-31,JustWatch,
tt34910018,Sniper: The Last Stand,2025,HBO Max,2026-10-31,JustWatch,
tt0437863,The Benchwarmers,2006,HBO Max,2026-10-31,JustWatch,
tt0038355,The Big Sleep,1946,HBO Max,2026-10-31,JustWatch,
tt0116277,The Fan,1996,HBO Max,2026-10-31,JustWatch,Netflix
tt1130080,The Informant!,2009,HBO Max,2026-10-31,JustWatch,
tt0097647,The Karate Kid Part III,1989,HBO Max,2026-10-31,JustWatch,
tt0049730,The Searchers,1956,HBO Max,2026-10-31,JustWatch,
tt0051047,The Tall T,1957,HBO Max,2026-10-31,JustWatch,
tt0280380,Trapped,2002,HBO Max,2026-10-31,JustWatch,
tt6662736,What They Had,2018,HBO Max,2026-10-31,JustWatch,
tt0065207,Where Eagles Dare,1968,HBO Max,2026-10-31,JustWatch,
tt0103596,3 Ninjas,1992,Prime Video,2026-10-31,JustWatch,
tt2944198,Backcountry,2015,Prime Video,2026-10-31,JustWatch,
tt0106387,Benny & Joon,1993,Prime Video,2026-10-31,JustWatch,
tt0086973,Blame It on Rio,1984,Prime Video,2026-10-31,JustWatch,
tt0082085,Blow Out,1981,Prime Video,2026-10-31,JustWatch,
tt0094792,Braddock: Missing in Action III,1988,Prime Video,2026-10-31,JustWatch,
tt0099204,Cadillac Man,1990,Prime Video,2026-10-31,JustWatch,
tt11737772,Chal Mera Putt,2019,Prime Video,2026-10-31,JustWatch,
tt0085346,Class,1983,Prime Video,2026-10-31,JustWatch,
tt0077360,Comes a Horseman,1978,Prime Video,2026-10-31,JustWatch,
tt0099817,Dark Angel,1990,Prime Video,2026-10-31,JustWatch,
tt1137450,Death Wish,2018,Prime Video,2026-10-31,JustWatch,Universal+
tt0089003,Death Wish 3,1985,Prime Video,2026-10-31,JustWatch,
tt0092857,Death Wish 4: The Crackdown,1987,Prime Video,2026-10-31,JustWatch,
tt0082250,Death Wish II,1982,Prime Video,2026-10-31,JustWatch,
tt0109578,Death Wish V: The Face of Death,1994,Prime Video,2026-10-31,JustWatch,
tt5390504,Detroit,2017,Prime Video,2026-10-31,JustWatch,
tt0095031,Dirty Rotten Scoundrels,1988,Prime Video,2026-10-31,JustWatch,
tt0080661,Dressed to Kill,1980,Prime Video,2026-10-31,JustWatch,
tt20420628,Freud's Last Session,2023,Prime Video,2026-10-31,JustWatch,
tt0067140,Giù la testa,1971,Prime Video,2026-10-31,JustWatch,
tt0126771,Halloween with the New Addams Family,1977,Prime Video,2026-10-31,JustWatch,
tt0251114,Hart's War,2002,Prime Video,2026-10-31,JustWatch,
tt0080855,Heaven's Gate,1980,Prime Video,2026-10-31,JustWatch,
tt2510894,Hotel Transylvania 2,2015,Prime Video,2026-10-31,JustWatch,HBO Max
tt0061787,Hour of the Gun,1967,Prime Video,2026-10-31,JustWatch,
tt1355630,If I Stay,2014,Prime Video,2026-10-31,JustWatch,
tt0441773,Kung Fu Panda,2008,Prime Video,2026-10-31,JustWatch,Telecine
tt3369806,Max,2015,Prime Video,2026-10-31,JustWatch,
tt5843838,Max 2: White House Hero,2017,Prime Video,2026-10-31,JustWatch,
tt0087727,Missing in Action,1984,Prime Video,2026-10-31,JustWatch,
tt0089604,Missing in Action 2: The Beginning,1985,Prime Video,2026-10-31,JustWatch,
tt0093693,Overboard,1987,Prime Video,2026-10-31,JustWatch,
tt1563742,Overboard,2018,Prime Video,2026-10-31,JustWatch,Universal+
tt4468740,Paddington 2,2017,Prime Video,2026-10-31,JustWatch,Universal+
tt1029360,Poltergeist,2015,Prime Video,2026-10-31,JustWatch,Universal+
tt0091778,Poltergeist II: The Other Side,1986,Prime Video,2026-10-31,JustWatch,
tt0095889,Poltergeist III,1988,Prime Video,2026-10-31,JustWatch,
tt0081398,Raging Bull,1980,Prime Video,2026-10-31,JustWatch,MUBI
tt0095953,Rain Man,1988,Prime Video,2026-10-31,JustWatch,
tt7042838,Semper Fi,2019,Prime Video,2026-10-31,JustWatch,
tt2296777,Sherlock Gnomes,2018,Prime Video,2026-10-31,JustWatch,Universal+
tt0090142,Teen Wolf,1985,Prime Video,2026-10-31,JustWatch,
tt0094118,Teen Wolf Too,1987,Prime Video,2026-10-31,JustWatch,
tt15486810,Teen Wolf: The Movie,2023,Prime Video,2026-10-31,JustWatch,
tt1620981,The Addams Family,2019,Prime Video,2026-10-31,JustWatch,Universal+
tt11125620,The Addams Family 2,2021,Prime Video,2026-10-31,JustWatch,Universal+
tt0053580,The Alamo,1960,Prime Video,2026-10-31,JustWatch,
tt0057115,The Great Escape,1963,Prime Video,2026-10-31,JustWatch,
tt0059245,The Greatest Story Ever Told,1965,Prime Video,2026-10-31,JustWatch,
tt0052902,The Horse Soldiers,1959,Prime Video,2026-10-31,JustWatch,
tt0102926,The Silence of the Lambs,1991,Prime Video,2026-10-31,JustWatch,
tt6423362,The Sun Is Also a Star,2019,Prime Video,2026-10-31,JustWatch,
tt0054428,The Unforgiven,1960,Prime Video,2026-10-31,JustWatch,
tt0066518,The Vampire Lovers,1970,Prime Video,2026-10-31,JustWatch,
tt0062479,The Way West,1967,Prime Video,2026-10-31,JustWatch,
tt0088414,The Woman in Red,1984,Prime Video,2026-10-31,JustWatch,
tt0263757,Uptown Girls,2003,Prime Video,2026-10-31,JustWatch,
tt0985699,Valkyrie,2008,Prime Video,2026-10-31,JustWatch,
tt0086525,Valley Girl,1983,Prime Video,2026-10-31,JustWatch,
tt6266538,Vice,2018,Prime Video,2026-10-31,JustWatch,
tt2365580,"Where'd You Go, Bernadette",2019,Prime Video,2026-10-31,JustWatch,
tt0245562,Windtalkers,2002,Prime Video,2026-10-31,JustWatch,
tt0051201,Witness for the Prosecution,1958,Prime Video,2026-10-31,JustWatch,
tt9110170,Wrong Turn,2021,Prime Video,2026-10-31,JustWatch,
tt0443295,"Yours, Mine & Ours",2005,Prime Video,2026-10-31,JustWatch,
tt0063829,"Yours, Mine and Ours",1968,Prime Video,2026-10-31,JustWatch,
tt2024544,12 Years a Slave,2013,Telecine,2026-10-31,JustWatch,Prime Video|Paramount+|MUBI
tt0066921,A Clockwork Orange,1971,Telecine,2026-10-31,JustWatch,HBO Max
tt29252358,Armor,2024,Telecine,2026-10-31,JustWatch,
tt7890550,Astronaut,2019,Telecine,2026-10-31,JustWatch,
tt0101635,Curly Sue,1991,Telecine,2026-10-31,JustWatch,
tt1502404,Drive Angry,2011,Telecine,2026-10-31,JustWatch,HBO Max
tt0425061,Get Smart,2008,Telecine,2026-10-31,JustWatch,Netflix
tt29258548,Gracie and Pedro: Pets to the Rescue,2024,Telecine,2026-10-31,JustWatch,
tt1375666,Inception,2010,Telecine,2026-10-31,JustWatch,Prime Video|HBO Max|Universal+
tt3731562,Kong: Skull Island,2017,Telecine,2026-10-31,JustWatch,HBO Max
tt0199725,Love & Basketball,2000,Telecine,2026-10-31,JustWatch,
tt0405159,Million Dollar Baby,2004,Telecine,2026-10-31,JustWatch,Prime Video
tt0271383,O Auto da Compadecida,2000,Telecine,2026-10-31,JustWatch,
tt9463434,O Silêncio da Chuva,2020,Telecine,2026-10-31,JustWatch,
tt5164214,Ocean's Eight,2018,Telecine,2026-10-31,JustWatch,HBO Max
tt0496806,Ocean's Thirteen,2007,Telecine,2026-10-31,JustWatch,Prime Video|HBO Max
tt0349903,Ocean's Twelve,2004,Telecine,2026-10-31,JustWatch,HBO Max
tt1663662,Pacific Rim,2013,Telecine,2026-10-31,JustWatch,HBO Max
tt0087928,Police Academy,1984,Telecine,2026-10-31,JustWatch,
tt1633356,Shark Night 3D,2011,Telecine,2026-10-31,JustWatch,Prime Video
tt0045152,Singin' in the Rain,1952,Telecine,2026-10-31,JustWatch,HBO Max
tt4624424,Storks,2016,Telecine,2026-10-31,JustWatch,HBO Max
tt0230838,Sweet November,2001,Telecine,2026-10-31,JustWatch,
tt0407887,The Departed,2006,Telecine,2026-10-31,JustWatch,Netflix
tt1343092,The Great Gatsby,2013,Telecine,2026-10-31,JustWatch,Prime Video
tt0410297,The Lake House,2006,Telecine,2026-10-31,JustWatch,HBO Max
tt0918940,The Legend of Tarzan,2016,Telecine,2026-10-31,JustWatch,Prime Video
tt1490017,The Lego Movie,2014,Telecine,2026-10-31,JustWatch,Prime Video|HBO Max
tt3513498,The Lego Movie 2: The Second Part,2019,Telecine,2026-10-31,JustWatch,HBO Max|Universal+
tt0133093,The Matrix,1999,Telecine,2026-10-31,JustWatch,HBO Max
tt0242653,The Matrix Revolutions,2003,Telecine,2026-10-31,JustWatch,HBO Max
tt0088323,The NeverEnding Story,1984,Telecine,2026-10-31,JustWatch,
tt0332280,The Notebook,2004,Telecine,2026-10-31,JustWatch,HBO Max
tt0081505,The Shining,1980,Telecine,2026-10-31,JustWatch,HBO Max|Universal+
tt0032138,The Wizard of Oz,1939,Telecine,2026-10-31,JustWatch,HBO Max
tt28662887,Wake Up,2024,Telecine,2026-10-31,JustWatch,
tt0128853,You've Got Mail,1998,Telecine,2026-10-31,JustWatch,
tt0124298,Blast from the Past,1999,Universal+,2026-10-31,JustWatch,
tt1528854,Daddy's Home,2015,Universal+,2026-10-31,JustWatch,
tt1231587,Hot Tub Time Machine,2010,Universal+,2026-10-31,JustWatch,
tt0110413,Léon,1994,Universal+,2026-10-31,JustWatch,HBO Max
tt1229238,Mission: Impossible - Ghost Protocol,2011,Universal+,2026-10-31,JustWatch,Netflix|Paramount+
tt0120755,Mission: Impossible II,2000,Universal+,2026-10-31,JustWatch,Netflix|Paramount+
tt2381249,Mission: Impossible – Rogue Nation,2015,Universal+,2026-10-31,JustWatch,Paramount+
tt2024469,Non-Stop,2014,Universal+,2026-10-31,JustWatch,
tt4428398,Paws of Fury: The Legend of Hank,2022,Universal+,2026-10-31,JustWatch,Paramount+
tt3794354,Sonic the Hedgehog,2020,Universal+,2026-10-31,JustWatch,Paramount+
tt12412888,Sonic the Hedgehog 2,2022,Universal+,2026-10-31,JustWatch,Paramount+
tt11858890,The Creator,2023,Universal+,2026-10-31,JustWatch,Netflix|Telecine
tt4504044,The Prodigy,2019,Universal+,2026-10-31,JustWatch,
tt1745960,Top Gun: Maverick,2022,Universal+,2026-10-31,JustWatch,Paramount+
tt2109248,Transformers: Age of Extinction,2014,Universal+,2026-10-31,JustWatch,Paramount+
tt3371366,Transformers: The Last Knight,2017,Universal+,2026-10-31,JustWatch,Paramount+
tt0816711,World War Z,2013,Universal+,2026-10-31,JustWatch,Netflix|Paramount+
tt6467274,Atlantis Rising,2017,Disney+,2026-11-01,JustWatch,
tt5929776,Before the Flood,2016,Disney+,2026-11-01,JustWatch,
tt0112642,Casper,1995,Disney+,2026-11-01,JustWatch,Telecine
tt5052448,Get Out,2017,Disney+,2026-11-01,JustWatch,Prime Video|Telecine
tt1490017,The Lego Movie,2014,Disney+,2026-11-01,JustWatch,Prime Video|HBO Max
tt3513498,The Lego Movie 2: The Second Part,2019,Disney+,2026-11-01,JustWatch,HBO Max|Universal+
tt3014284,The Lego Ninjago Movie,2017,Disney+,2026-11-01,JustWatch,HBO Max
tt0120737,The Lord of the Rings: The Fellowship of the Ring,2001,Disney+,2026-11-01,JustWatch,Netflix|HBO Max
tt11531410,Sunod,2019,Prime Video,2026-11-01,JustWatch,
tt6020800,Gold,2022,Prime Video,2026-11-02,JustWatch,
tt17321026,"Sexo, pudor y lágrimas 2",2022,HBO Max,2026-11-03,JustWatch,
tt11525022,El baile de los 41,2020,Telecine,2026-11-03,JustWatch,
tt8933992,De Perto Ela Não é Normal,2020,Telecine,2026-11-04,JustWatch,
tt10441958,La bonne épouse,2020,Telecine,2026-11-04,JustWatch,
tt4798836,Bad Hair,2020,Disney+,2026-11-05,JustWatch,
tt9484998,Palm Springs,2020,Disney+,2026-11-05,JustWatch,
tt0092890,Dirty Dancing,1987,Prime Video,2026-11-05,JustWatch,
tt4731136,A Cure for Wellness,2017,Prime Video,2026-11-06,JustWatch,
tt0113497,Jumanji,1995,Prime Video,2026-11-06,JustWatch,HBO Max
tt0414993,The Fountain,2006,Prime Video,2026-11-06,JustWatch,
tt2273657,True Story,2015,Prime Video,2026-11-06,JustWatch,
tt1489887,Booksmart,2019,Universal+,2026-11-06,JustWatch,
tt1222817,Zookeeper,2011,Universal+,2026-11-06,JustWatch,
tt0208003,Big Momma's House,2000,Universal+,2026-11-07,JustWatch,Paramount+|Telecine
tt0421729,Big Momma's House 2,2006,Universal+,2026-11-07,JustWatch,Telecine
tt1464174,"Big Mommas: Like Father, Like Son",2011,Universal+,2026-11-07,JustWatch,Telecine
tt0901476,Bride Wars,2009,Universal+,2026-11-07,JustWatch,Paramount+|Telecine
tt0822832,Marley & Me,2008,Universal+,2026-11-07,JustWatch,Paramount+|Telecine
tt2935510,Ad Astra,2019,Universal+,2026-11-08,JustWatch,Prime Video|Paramount+
tt9125246,Meu Sangue Ferve por Você,2024,Telecine,2026-11-09,JustWatch,
tt10223460,Marry Me,2022,Universal+,2026-11-09,JustWatch,Telecine
tt14028680,Detetive Madeinusa,2021,Prime Video,2026-11-11,JustWatch,
tt8368408,Gunpowder Milkshake,2021,Prime Video,2026-11-11,JustWatch,
tt12947630,Dois Mais Dois,2021,Telecine,2026-11-11,JustWatch,
tt7453418,Nekrotronic,2018,HBO Max,2026-11-12,JustWatch,
tt0218967,The Family Man,2000,Prime Video,2026-11-12,JustWatch,
tt7895852,Inferninho,2019,MUBI,2026-11-13,JustWatch=2026-11-13; MUBI dataset (kubi2021)=2026-11-15,
tt1034090,All's Faire in Love,2009,Prime Video,2026-11-13,JustWatch,
tt0787470,Balls Out: Gary the Tennis Coach,2009,Prime Video,2026-11-13,JustWatch,
tt0423977,Charlie Bartlett,2008,Prime Video,2026-11-13,JustWatch,
tt1466054,Cloudburst,2011,Prime Video,2026-11-13,JustWatch,
tt21235248,Ghostbusters: Frozen Empire,2024,Prime Video,2026-11-13,JustWatch,
tt28026215,Guns Up,2025,Prime Video,2026-11-13,JustWatch,
tt0247425,In the Bedroom,2001,Prime Video,2026-11-13,JustWatch,
tt1520370,Once in a Lifetime: The Extraordinary Story of the New York Cosmos,2006,Prime Video,2026-11-13,JustWatch,
tt0796368,Talk to Me,2007,Prime Video,2026-11-13,JustWatch,
tt14088510,Tarot,2024,Prime Video,2026-11-13,JustWatch,
tt13341414,A Timeless Christmas,2020,Universal+,2026-11-13,JustWatch,
tt22295836,A Fabled Holiday,2022,Universal+,2026-11-14,JustWatch,
tt1637688,In Time,2011,Universal+,2026-11-14,JustWatch,Telecine
tt0790686,Mirrors,2008,Universal+,2026-11-14,JustWatch,
tt1596363,The Big Short,2015,Universal+,2026-11-14,JustWatch,Paramount+
tt0443632,The Sentinel,2006,Universal+,2026-11-14,JustWatch,
tt8706884,Prassthanam,2019,Prime Video,2026-11-15,JustWatch,
,D23 Horizons: Disney Experiences Showcase,2026,Disney+,2026-11-16,JustWatch,
tt8373206,About My Father,2023,Telecine,2026-11-16,JustWatch,
tt30841606,Rumours,2024,Prime Video,2026-11-17,JustWatch,
tt12802724,Garota da Moto,2021,Prime Video,2026-11-18,JustWatch,
tt5691670,Under the Silver Lake,2018,HBO Max,2026-11-19,JustWatch,
tt8999762,The Brutalist,2024,Prime Video,2026-11-19,JustWatch,
tt3915174,Puss in Boots: The Last Wish,2022,Universal+,2026-11-19,JustWatch,Telecine
tt22029066,Elton John Live: Farewell from Dodger Stadium,2022,Disney+,2026-11-20,JustWatch,
tt24478470,シティーハンター,2024,Netflix,2026-11-20,JustWatch,
tt0439572,The Flash,2023,Universal+,2026-11-24,JustWatch,HBO Max
tt0370036,Un dessert pour Constance,2026,MUBI,2026-11-25,JustWatch=2026-11-25; MUBI dataset (kubi2021)=2026-11-27,
tt1379182,Κυνόδοντας,2009,MUBI,2026-11-25,JustWatch=2026-11-25; MUBI dataset (kubi2021)=2026-11-27,
tt4996328,Ordinary Angels,2024,Prime Video,2026-11-25,JustWatch,
tt6314382,Reação em Cadeia,2021,Prime Video,2026-11-25,JustWatch,
,aespa: Amazon Music Live,2025,Prime Video,2026-11-26,JustWatch,
tt10954718,Dog Man,2025,Prime Video,2026-11-26,JustWatch,
tt10551654,Under the Boardwalk,2023,Telecine,2026-11-26,JustWatch,
tt13455606,Para Onde Voam as Feiticeiras,2020,Telecine,2026-11-27,JustWatch,
tt1872181,The Amazing Spider-Man 2,2014,Prime Video,2026-11-28,JustWatch,HBO Max
tt6920084,Resident Evil: Welcome to Raccoon City,2021,Universal+,2026-11-28,JustWatch,
tt35396529,Mountainhead,2025,HBO Max,2026-11-29,JustWatch,
tt6910282,Bergman Island,2021,MUBI,2026-11-29,JustWatch=2026-11-29; MUBI dataset (kubi2021)=2026-12-01,
tt0017136,Metropolis,1927,MUBI,2026-11-29,JustWatch=2026-11-29; MUBI dataset (kubi2021)=2026-12-01,Telecine
tt0929632,Precious: Based on the Novel 'Push' by Sapphire,2009,MUBI,2026-11-29,JustWatch=2026-11-29; MUBI dataset (kubi2021)=2026-12-01,
tt0053291,Some Like It Hot,1959,MUBI,2026-11-29,JustWatch=2026-11-29; MUBI dataset (kubi2021)=2026-12-01,
tt0053604,The Apartment,1960,MUBI,2026-11-29,JustWatch=2026-11-29; MUBI dataset (kubi2021)=2026-12-01,
tt27722061,The Feeling That the Time for Doing Something Has Passed,2024,MUBI,2026-11-29,JustWatch=2026-11-29; MUBI dataset (kubi2021)=2026-12-01,
tt0103074,Thelma & Louise,1991,MUBI,2026-11-29,JustWatch=2026-11-29; MUBI dataset (kubi2021)=2026-12-01,
tt0114682,"To Wong Foo, Thanks for Everything! Julie Newmar",1995,MUBI,2026-11-29,JustWatch=2026-11-29; MUBI dataset (kubi2021)=2026-12-01,
tt0303633,American Crime,2004,Prime Video,2026-11-29,JustWatch,
tt5770836,Desolate,2020,Prime Video,2026-11-29,JustWatch,
tt1375670,Grown Ups,2010,Prime Video,2026-11-29,JustWatch,Netflix|HBO Max
tt5583554,Harmony,2018,Prime Video,2026-11-29,JustWatch,
tt21375602,Love Me,2025,Prime Video,2026-11-29,JustWatch,
tt0119892,Phoenix,1998,Prime Video,2026-11-29,JustWatch,
tt0929632,Precious: Based on the Novel 'Push' by Sapphire,2009,Prime Video,2026-11-29,JustWatch,
tt5779228,The Garfield Movie,2024,Prime Video,2026-11-29,JustWatch,
tt4425200,John Wick: Chapter 2,2017,Universal+,2026-11-29,JustWatch,Netflix|Telecine
tt6146586,John Wick: Chapter 3 - Parabellum,2019,Universal+,2026-11-29,JustWatch,Netflix|Prime Video|Telecine
tt10366206,John Wick: Chapter 4,2023,Universal+,2026-11-29,JustWatch,Telecine
tt4633694,Spider-Man: Into the Spider-Verse,2018,Universal+,2026-11-29,JustWatch,
tt0463854,28 Weeks Later,2007,HBO Max,2026-11-30,JustWatch,Disney+
tt0104257,A Few Good Men,1992,HBO Max,2026-11-30,JustWatch,
tt0052561,Anatomy of a Murder,1959,HBO Max,2026-11-30,JustWatch,
tt0800308,Appaloosa,2008,HBO Max,2026-11-30,JustWatch,
tt1436568,Assassination Games,2011,HBO Max,2026-11-30,JustWatch,Prime Video
tt0058997,Bunny Lake Is Missing,1965,HBO Max,2026-11-30,JustWatch,
tt21821322,Designing Christmas,2022,HBO Max,2026-11-30,JustWatch,
tt0309593,Final Destination 2,2003,HBO Max,2026-11-30,JustWatch,
tt1981128,Geostorm,2017,HBO Max,2026-11-30,JustWatch,
tt1051904,Goosebumps,2015,HBO Max,2026-11-30,JustWatch,Netflix|Prime Video
tt0348836,Gothika,2003,HBO Max,2026-11-30,JustWatch,Netflix
tt3062096,Inferno,2016,HBO Max,2026-11-30,JustWatch,
tt1617661,Jupiter Ascending,2015,HBO Max,2026-11-30,JustWatch,Netflix|Prime Video
tt0107362,Last Action Hero,1993,HBO Max,2026-11-30,JustWatch,
tt1219342,Legend of the Guardians: The Owls of Ga'Hoole,2010,HBO Max,2026-11-30,JustWatch,
tt0385307,Miss Congeniality 2: Armed and Fabulous,2005,HBO Max,2026-11-30,JustWatch,
tt0045070,Rancho Notorious,1952,HBO Max,2026-11-30,JustWatch,
tt0048545,Rebel Without a Cause,1955,HBO Max,2026-11-30,JustWatch,Telecine
tt2592614,Resident Evil: The Final Chapter,2016,HBO Max,2026-11-30,JustWatch,
tt0449089,RV,2006,HBO Max,2026-11-30,JustWatch,
tt1700841,Sausage Party,2016,HBO Max,2026-11-30,JustWatch,
tt0070666,Serpico,1973,HBO Max,2026-11-30,JustWatch,Netflix
tt0415306,Talladega Nights: The Ballad of Ricky Bobby,2006,HBO Max,2026-11-30,JustWatch,
tt0075314,Taxi Driver,1976,HBO Max,2026-11-30,JustWatch,
tt0443680,The Assassination of Jesse James by the Coward Robert Ford,2007,HBO Max,2026-11-30,JustWatch,
tt31193791,The Last Showgirl,2024,HBO Max,2026-11-30,JustWatch,
tt0094332,The Witches of Eastwick,1987,HBO Max,2026-11-30,JustWatch,
tt3739110,The Yellow Birds,2018,HBO Max,2026-11-30,JustWatch,
tt6469892,Troll: The Tale of a Tail,2018,HBO Max,2026-11-30,JustWatch,
tt2334879,White House Down,2013,HBO Max,2026-11-30,JustWatch,
tt31624258,하이재킹,2024,HBO Max,2026-11-30,JustWatch,
tt0137363,Arlington Road,1999,Prime Video,2026-11-30,JustWatch,
tt0088936,Code of Silence,1985,Prime Video,2026-11-30,JustWatch,
tt0386588,Hitch,2005,Prime Video,2026-11-30,JustWatch,
tt4669296,Lords of Chaos,2018,Prime Video,2026-11-30,JustWatch,
tt6475714,Monster Hunter,2020,Prime Video,2026-11-30,JustWatch,Universal+
tt4012424,O Filme da Minha Vida,2017,Prime Video,2026-11-30,JustWatch,
tt22866358,The Book of Clarence,2024,Prime Video,2026-11-30,JustWatch,
tt0103112,Toy Soldiers,1991,Prime Video,2026-11-30,JustWatch,
tt0324554,Wicker Park,2004,Prime Video,2026-11-30,JustWatch,
tt1222817,Zookeeper,2011,Prime Video,2026-11-30,JustWatch,
tt7972178,70 Binladens,2019,Telecine,2026-11-30,JustWatch,
tt0365907,A Walk Among the Tombstones,2014,Telecine,2026-11-30,JustWatch,Prime Video
tt0281358,A Walk to Remember,2002,Telecine,2026-11-30,JustWatch,Netflix|Prime Video|Universal+
tt6570098,Ainbo: Spirit of the Amazon,2021,Telecine,2026-11-30,JustWatch,Prime Video
tt9204164,Bigfoot Family,2020,Telecine,2026-11-30,JustWatch,Universal+
tt0083658,Blade Runner,1982,Telecine,2026-11-30,JustWatch,Prime Video|HBO Max
tt0034583,Casablanca,1943,Telecine,2026-11-30,JustWatch,HBO Max
tt0120632,City of Angels,1998,Telecine,2026-11-30,JustWatch,
tt0800320,Clash of the Titans,2010,Telecine,2026-11-30,JustWatch,Prime Video
tt0090859,Cobra,1986,Telecine,2026-11-30,JustWatch,HBO Max
tt0233469,Collateral Damage,2002,Telecine,2026-11-30,JustWatch,Netflix|HBO Max
tt5714470,Come Away,2020,Telecine,2026-11-30,JustWatch,
tt3104988,Crazy Rich Asians,2018,Telecine,2026-11-30,JustWatch,Prime Video
tt0106697,Demolition Man,1993,Telecine,2026-11-30,JustWatch,HBO Max
tt0106701,Dennis the Menace,1993,Telecine,2026-11-30,JustWatch,
tt0066999,Dirty Harry,1971,Telecine,2026-11-30,JustWatch,HBO Max
tt17410332,Distrito 666,2022,Telecine,2026-11-30,JustWatch,
tt0059113,Doctor Zhivago,1965,Telecine,2026-11-30,JustWatch,
tt0112883,Don Juan DeMarco,1994,Telecine,2026-11-30,JustWatch,
tt9855978,Drømmebyggerne,2020,Telecine,2026-11-30,JustWatch,Universal+
tt0116213,Eraser,1996,Telecine,2026-11-30,JustWatch,HBO Max
tt6772804,Escape Plan: The Extractors,2019,Telecine,2026-11-30,JustWatch,Netflix|Prime Video|HBO Max
tt0083944,First Blood,1982,Telecine,2026-11-30,JustWatch,
tt0031381,Gone with the Wind,1939,Telecine,2026-11-30,JustWatch,HBO Max
tt1028532,Hachi: A Dog's Tale,2009,Telecine,2026-11-30,JustWatch,Netflix|Prime Video|Paramount+
tt0480249,I Am Legend,2007,Telecine,2026-11-30,JustWatch,Netflix|HBO Max
tt1397514,Journey 2: The Mysterious Island,2012,Telecine,2026-11-30,JustWatch,HBO Max
tt0373051,Journey to the Center of the Earth,2008,Telecine,2026-11-30,JustWatch,HBO Max
tt1448755,Killer Elite,2011,Telecine,2026-11-30,JustWatch,Netflix|Prime Video|HBO Max
tt6314690,Les As de la Jungle,2017,Telecine,2026-11-30,JustWatch,Prime Video
tt0093409,Lethal Weapon,1987,Telecine,2026-11-30,JustWatch,HBO Max
tt0762125,Planet 51,2009,Telecine,2026-11-30,JustWatch,Prime Video
tt7394816,Primal,2019,Telecine,2026-11-30,JustWatch,Prime Video|HBO Max
tt0095956,Rambo III,1988,Telecine,2026-11-30,JustWatch,
tt0089880,Rambo: First Blood Part II,1985,Telecine,2026-11-30,JustWatch,
tt1677720,Ready Player One,2018,Telecine,2026-11-30,JustWatch,HBO Max
tt6547170,Reprisal,2018,Telecine,2026-11-30,JustWatch,Prime Video
tt0110989,Ri¢hie Ri¢h,1994,Telecine,2026-11-30,JustWatch,HBO Max
tt4532826,Robin Hood,2018,Telecine,2026-11-30,JustWatch,
tt13067292,Rogue Hostage,2021,Telecine,2026-11-30,JustWatch,Prime Video
tt0479997,Season of the Witch,2011,Telecine,2026-11-30,JustWatch,Prime Video|Universal+
tt17422332,Sem Fôlego,2022,Telecine,2026-11-30,JustWatch,
tt0117705,Space Jam,1996,Telecine,2026-11-30,JustWatch,Prime Video|HBO Max
tt0878804,The Blind Side,2009,Telecine,2026-11-30,JustWatch,Netflix|Prime Video|HBO Max
tt0103855,The Bodyguard,1992,Telecine,2026-11-30,JustWatch,Prime Video
tt0289879,The Butterfly Effect,2004,Telecine,2026-11-30,JustWatch,HBO Max
tt0421715,The Curious Case of Benjamin Button,2008,Telecine,2026-11-30,JustWatch,HBO Max
tt0089218,The Goonies,1985,Telecine,2026-11-30,JustWatch,
tt0325710,The Last Samurai,2003,Telecine,2026-11-30,JustWatch,Netflix|HBO Max
tt1754656,The Little Prince,2015,Telecine,2026-11-30,JustWatch,Netflix|Prime Video
tt0338348,The Polar Express,2004,Telecine,2026-11-30,JustWatch,
tt0337697,The Prince & Me,2004,Telecine,2026-11-30,JustWatch,
tt0049730,The Searchers,1956,Telecine,2026-11-30,JustWatch,
tt8065768,Vic the Viking: The Magic Sword,2019,Telecine,2026-11-30,JustWatch,Prime Video
tt0443706,Zodiac,2007,Telecine,2026-11-30,JustWatch,HBO Max
tt1727824,Bohemian Rhapsody,2018,Universal+,2026-11-30,JustWatch,Telecine
tt0360486,Constantine,2005,Universal+,2026-11-30,JustWatch,HBO Max
tt0287978,Daredevil,2003,Universal+,2026-11-30,JustWatch,Netflix|Disney+|Telecine
tt2377322,Deliver Us from Evil,2014,Universal+,2026-11-30,JustWatch,Netflix|HBO Max
tt1289401,Ghostbusters,2016,Universal+,2026-11-30,JustWatch,Prime Video
tt0097428,Ghostbusters II,1989,Universal+,2026-11-30,JustWatch,
tt2268016,Magic Mike XXL,2015,Universal+,2026-11-30,JustWatch,Prime Video|Telecine
tt1355644,Passengers,2016,Universal+,2026-11-30,JustWatch,Prime Video
tt1234721,RoboCop,2014,Universal+,2026-11-30,JustWatch,Prime Video|Paramount+
tt0093870,RoboCop,1987,Universal+,2026-11-30,JustWatch,Prime Video|MUBI
tt0100502,RoboCop 2,1990,Universal+,2026-11-30,JustWatch,Prime Video
tt0107978,RoboCop 3,1993,Universal+,2026-11-30,JustWatch,Prime Video
tt1490017,The Lego Movie,2014,Universal+,2026-11-30,JustWatch,Prime Video|HBO Max
tt0120744,The Man in the Iron Mask,1998,Universal+,2026-11-30,JustWatch,
