imdb_id,titulo_original,ano,servico
tt12648266,Accused,2023,Netflix
tt15303262,Angeliena,2021,Netflix
tt10963926,Two Witches,2022,Netflix
tt15685194,それいけ! アンパンマン いのちの星のドーリィ,2006,Netflix
tt39334765,100 Things to do Before You Die,2026,Prime Video
tt1253863,300: Rise of an Empire,2014,Prime Video
tt2935510,Ad Astra,2019,Prime Video
tt7711170,Alone,2020,Prime Video
tt1024648,Argo,2012,Prime Video
tt0106308,Army of Darkness,1992,Prime Video
tt2094766,Assassin's Creed,2016,Prime Video
tt0295178,Austin Powers in Goldmember,2002,Prime Video
tt0145660,Austin Powers: The Spy Who Shagged Me,1999,Prime Video
tt0092605,Baby Boom,1987,Prime Video
tt0090685,Back to School,1986,Prime Video
tt0219965,Bandits,2001,Prime Video
tt0303714,Barbershop,2002,Prime Video
tt0337579,Barbershop 2: Back in Business,2004,Prime Video
tt3628584,Barbershop: The Next Cut,2016,Prime Video
tt0388500,Beauty Shop,2005,Prime Video
tt1980929,Begin Again,2014,Prime Video
tt9347730,Candyman,2021,Prime Video
tt10329614,Censor,2021,Prime Video
tt0367594,Charlie and the Chocolate Factory,2005,Prime Video
tt0101587,City Slickers,1991,Prime Video
tt0800320,Clash of the Titans,2010,Prime Video
tt0094894,Colors,1988,Prime Video
tt1598778,Contagion,2011,Prime Video
tt3104988,Crazy Rich Asians,2018,Prime Video
tt0112818,Dead Man Walking,1995,Prime Video
tt0120654,Dirty Work,1998,Prime Video
tt5013056,Dunkirk,2017,Prime Video
tt7026672,Every Day,2018,Prime Video
tt5001718,"Everything, Everything",2017,Prime Video
tt0116282,Fargo,1996,Prime Video
tt6513120,Fighting with My Family,2019,Prime Video
tt0155711,Flawless,1999,Prime Video
tt0486321,Fly Me to the Moon,2008,Prime Video
tt5635086,God's Own Country,2017,Prime Video
tt0831387,Godzilla,2014,Prime Video
tt3741700,Godzilla: King of the Monsters,2019,Prime Video
tt0099685,GoodFellas,1990,Prime Video
tt1205489,Gran Torino,2008,Prime Video
tt0087363,Gremlins,1984,Prime Video
tt0079261,Hair,1979,Prime Video
tt0095270,Hairspray,1988,Prime Video
tt1267297,Hercules,2014,Prime Video
tt18272208,Here,2024,Prime Video
tt0119311,Hoodlum,1997,Prime Video
tt21084334,I Heard the Bells,2022,Prime Video
tt0061811,In the Heat of the Night,1967,Prime Video
tt1375666,Inception,2010,Prime Video
tt11229780,Infidel,2019,Prime Video
tt0378109,Into the Blue,2005,Prime Video
tt0865907,Into the Blue 2: The Reef,2009,Prime Video
tt7349950,It Chapter Two,2019,Prime Video
tt1617661,Jupiter Ascending,2015,Prime Video
tt0250494,Legally Blonde,2001,Prime Video
tt0333780,"Legally Blonde 2: Red, White & Blonde",2003,Prime Video
tt1015999,Legally Blondes,2009,Prime Video
tt8633950,Les Invisibles,2019,Prime Video
tt11271038,Licorice Pizza,2021,Prime Video
tt0102316,Little Man Tate,1991,Prime Video
tt0113682,Loch Ness,1996,Prime Video
tt0100054,Lord of the Flies,1990,Prime Video
tt8031554,L風暴,2018,Prime Video
tt2268016,Magic Mike XXL,2015,Prime Video
tt2674426,Me Before You,2016,Prime Video
tt10633456,Minari,2021,Prime Video
tt0212346,Miss Congeniality,2000,Prime Video
tt0095690,Mystic Pizza,1988,Prime Video
tt0074958,Network,1976,Prime Video
tt0093640,No Way Out,1987,Prime Video
tt5040012,Nosferatu,2024,Prime Video
tt0240772,Ocean's Eleven,2001,Prime Video
tt0496806,Ocean's Thirteen,2007,Prime Video
tt0078087,Piranha,1978,Prime Video
tt7156436,PMC: 더 벙커,2018,Prime Video
tt0084516,Poltergeist,1982,Prime Video
tt0102744,Quigley Down Under,1990,Prime Video
tt0087985,Red Dawn,1984,Prime Video
tt1234719,Red Dawn,2012,Prime Video
tt1855325,Resident Evil: Retribution,2012,Prime Video
tt0122459,Return to Me,2000,Prime Video
tt0093870,RoboCop,1987,Prime Video
tt1234721,RoboCop,2014,Prime Video
tt0100502,RoboCop 2,1990,Prime Video
tt0107978,RoboCop 3,1993,Prime Video
tt0073631,Rollerball,1975,Prime Video
tt0120812,Rush Hour,1998,Prime Video
tt0267913,Scooby-Doo,2002,Prime Video
tt1000774,Sex and the City,2008,Prime Video
tt0482599,Shutter,2008,Prime Video
tt0337741,Something's Gotta Give,2003,Prime Video
tt0117705,Space Jam,1996,Prime Video
tt0413300,Spider-Man 3,2007,Prime Video
tt8364138,Stage Mother,2020,Prime Video
tt0086856,The Adventures of Buckaroo Banzai Across the 8th Dimension,1984,Prime Video
tt1985949,The Angry Birds Movie,2016,Prime Video
tt1082807,The Belko Experiment,2017,Prime Video
tt0878804,The Blind Side,2009,Prime Video
tt0103855,The Bodyguard,1992,Prime Video
tt0472268,The Flying Scotsman,2006,Prime Video
tt1343092,The Great Gatsby,2013,Prime Video
tt0120689,The Green Mile,1999,Prime Video
tt1119646,The Hangover,2009,Prime Video
tt1411697,The Hangover Part II,2011,Prime Video
tt1951261,The Hangover Part III,2013,Prime Video
tt1298644,The Hustle,2019,Prime Video
tt0068833,The Last House on the Left,1972,Prime Video
tt0918940,The Legend of Tarzan,2016,Prime Video
tt1490017,The Lego Movie,2014,Prime Video
tt0074806,The Little Girl Who Lives Down the Lane,1976,Prime Video
tt0110475,The Mask,1994,Prime Video
tt9764362,The Menu,2022,Prime Video
tt0074906,The Missouri Breaks,1976,Prime Video
tt0177971,The Perfect Storm,2000,Prime Video
tt0063688,The Thomas Crown Affair,1968,Prime Video
tt0155267,The Thomas Crown Affair,1999,Prime Video
tt9419056,The Unholy,2021,Prime Video
tt4136456,The Virtuoso,2021,Prime Video
tt8426594,The Wind,2018,Prime Video
tt0380066,The Woods,2006,Prime Video
tt0105643,Troll 2,1990,Prime Video
tt0332452,Troy,2004,Prime Video
tt0108451,Untamed Heart,1993,Prime Video
tt1723121,We're the Millers,2013,Prime Video
tt0396269,Wedding Crashers,2005,Prime Video
tt0484877,Wedding Daze,2006,Prime Video
tt0161083,What's the Worst That Could Happen?,2001,Prime Video
tt5322012,Wish Upon,2017,Prime Video
tt13669038,Women Talking,2022,Prime Video
tt7919680,कारवाँ,2018,Prime Video
tt6329716,九龍不敗,2019,Prime Video
tt0073694,少林門,1976,Prime Video
tt0081499,師弟出馬,1980,Prime Video
tt8239806,掃毒2 天地對決,2019,Prime Video
,無間行者之生死潛行,2020,Prime Video
tt7587984,神探蒲松齡,2019,Prime Video
,雷霆追击,2021,Prime Video
tt10208198,악인전,2019,Prime Video
,전설의 파이터,2020,Prime Video
tt9747594,지푸라기라도 잡고 싶은 짐승들,2020,Prime Video
tt4959750,1992,2024,HBO Max
tt1190080,2012,2009,HBO Max
tt0233142,3000 Miles to Graceland,2001,HBO Max
tt0107808,A Perfect World,1993,HBO Max
tt0041253,Colorado Territory,1949,HBO Max
tt0094947,Dangerous Liaisons,1988,HBO Max
tt1502404,Drive Angry,2011,HBO Max
tt0295254,FearDotCom,2002,HBO Max
tt0488120,Fracture,2007,HBO Max
tt1321870,Gangster Squad,2013,HBO Max
tt0259324,Ghost Rider,2007,HBO Max
tt0452625,Good Luck Chuck,2007,HBO Max
tt1454468,Gravity,2013,HBO Max
tt1798709,Her,2013,HBO Max
tt0033717,High Sierra,1941,HBO Max
tt7464188,In Fabric,2018,HBO Max
tt0409379,In Secret,2014,HBO Max
tt10808832,Let Them All Talk,2020,HBO Max
tt0498380,Letters from Iwo Jima,2006,HBO Max
tt32221196,One of Them Days,2025,HBO Max
tt5598292,Polaroid,2019,HBO Max
tt0228750,Proof of Life,2000,HBO Max
tt0811080,Speed Racer,2008,HBO Max
tt0120686,Stepmom,1998,HBO Max
tt0111301,Street Fighter,1994,HBO Max
tt0108238,Striking Distance,1993,HBO Max
tt2103254,Tammy,2014,HBO Max
tt0825232,The Bucket List,2007,HBO Max
tt0421715,The Curious Case of Benjamin Button,2008,HBO Max
tt0106977,The Fugitive,1993,HBO Max
tt3714720,The Hollars,2016,HBO Max
tt0133093,The Matrix,1999,HBO Max
tt11687002,The Outrun,2024,HBO Max
tt0327850,The Rundown,2003,HBO Max
tt0814335,The Stepfather,2009,HBO Max
tt17526714,The Substance,2024,HBO Max
tt1111422,The Taking of Pelham 1 2 3,2009,HBO Max
tt12194006,Wunderschön,2022,HBO Max
tt1045778,Year One,2009,HBO Max
,"Eric Dane: Life, Loss & Courage – A Diane Sawyer Special",2026,Disney+
tt36118988,National Geographic Museum of Exploration,2026,Disney+
tt15534640,The Most Magical Story on Earth: 50 Years of Walt Disney World,2021,Disney+
,The Sinfluencer of Soho,2021,Disney+
tt0267118,Winnie the Pooh: A Valentine for You,1999,Disney+
tt11261296,Blutsauger,2022,MUBI
tt10329614,Censor,2021,MUBI
tt0116720,Joyeux Calvaire,1996,MUBI
tt1872818,Liberal Arts,2012,MUBI
tt0100157,Misery,1990,MUBI
tt0048434,Nuit et Brouillard,1956,MUBI
tt0114436,Showgirls,1995,MUBI
tt1045658,Silver Linings Playbook,2012,MUBI
tt2321549,The Babadook,2014,MUBI
tt0068833,The Last House on the Left,1972,MUBI
tt0072271,The Texas Chain Saw Massacre,1974,MUBI
tt0832971,Vanaja,2006,MUBI
tt13560574,X,2022,MUBI
tt0389557,Zwartboek,2006,MUBI
tt28490044,悪は存在しない,2023,MUBI
tt1517451,A Star Is Born,2018,Telecine
tt0096895,Batman,1989,Telecine
tt0372784,Batman Begins,2005,Telecine
tt0112462,Batman Forever,1995,Telecine
tt0103776,Batman Returns,1992,Telecine
tt0112471,Before Sunrise,1995,Telecine
tt0381681,Before Sunset,2004,Telecine
tt1086772,Blended,2014,Telecine
tt0109686,Dumb and Dumber,1994,Telecine
tt0087363,Gremlins,1984,Telecine
tt7349950,It Chapter Two,2019,Telecine
tt28259207,Kill,2024,Telecine
tt1392190,Mad Max: Fury Road,2015,Telecine
tt2268016,Magic Mike XXL,2015,Telecine
tt15837338,PAW Patrol: The Mighty Movie,2023,Telecine
tt9271672,Prey for the Devil,2022,Telecine
tt2231461,Rampage,2018,Telecine
tt0048545,Rebel Without a Cause,1955,Telecine
tt11456054,Run Hide Fight,2021,Telecine
tt0267913,Scooby-Doo,2002,Telecine
tt1000774,Sex and the City,2008,Telecine
tt1261945,Sex and the City 2,2010,Telecine
tt0112579,The Bridges of Madison County,1995,Telecine
tt0468569,The Dark Knight,2008,Telecine
tt0070047,The Exorcist,1973,Telecine
tt0110475,The Mask,1994,Telecine
tt11833408,The Minute You Wake Up Dead,2022,Telecine
tt5814060,The Nun,2018,Telecine
tt0100944,The Witches,1990,Telecine
tt1361336,Tom & Jerry,2021,Telecine
tt0105695,Unforgiven,1992,Telecine
tt1302067,Yogi Bear,2010,Telecine
tt12057234,Вдова,2020,Telecine
tt20205236,خرس نیست,2022,Telecine
tt2331143,そして父になる,2013,Telecine
tt1137450,Death Wish,2018,Universal+
tt13957560,Dumb Money,2023,Universal+
tt0087332,Ghostbusters,1984,Universal+
tt1375666,Inception,2010,Universal+
tt35630705,One Chicago Crossover Event,2025,Universal+
tt1029360,Poltergeist,2015,Universal+
tt17024450,The Equalizer 3,2023,Universal+
tt0903624,The Hobbit: An Unexpected Journey,2012,Universal+
tt2310332,The Hobbit: The Battle of the Five Armies,2014,Universal+
tt1170358,The Hobbit: The Desolation of Smaug,2013,Universal+
